Food,Amount
Cheeseburger,0.7536764705882355
Fries,7.34375
